{
  "total_episodes": 60,
  "reward_history": [
    0.27920263028117814,
    0.2769505147544632,
    0.2343260933641968,
    0.29502338162956077,
    0.24955648909032102,
    0.29539709332603353,
    0.3027991414065133,
    0.36717217099492233,
    0.4107866995213473,
    0.48183944256132577,
    0.5651138109435809,
    0.5840804510505684,
    0.6719675635328963,
    0.706584999364814,
    0.6865392177844538,
    0.7535667754370268,
    0.7441376107720475,
    0.7483084408738121,
    0.7314838061767955,
    0.7449807388900697,
    0.437694219384421,
    0.4471710144055616,
    0.42859277480742103,
    0.4884817232007485,
    0.5226790642108167,
    0.5256904588541882,
    0.5747015987165731,
    0.5987241528085904,
    0.6081898384892852,
    0.7054975044044605,
    0.7656812447283331,
    0.7946407334871773,
    0.8319518073917667,
    0.92014867878256,
    0.9472580106284534,
    0.9257186900630401,
    0.9130279693153198,
    0.9557340658843709,
    0.9454899385872946,
    0.9169834191940119,
    0.6139058097579597,
    0.6427623929311147,
    0.6060349513457254,
    0.6092568274557352,
    0.6571004793104505,
    0.6929612526851925,
    0.7211580023875254,
    0.7382686036725249,
    0.8193765256214042,
    0.8752552882101811,
    0.9365799000206079,
    0.9999688227150769,
    0.9721144843198116,
    1.0654913739970509,
    1.0913789264840883,
    1.1000247859493337,
    1.053600781896603,
    1.0667856158448716,
    1.0986173129959675,
    1.1170289688936892
  ],
  "task_completion_history": [
    0.245,
    0.26,
    0.275,
    0.29000000000000004,
    0.305,
    0.32,
    0.335,
    0.35,
    0.365,
    0.38,
    0.395,
    0.41000000000000003,
    0.42500000000000004,
    0.44000000000000006,
    0.455,
    0.47,
    0.485,
    0.5,
    0.515,
    0.53,
    0.4625,
    0.47500000000000003,
    0.4875,
    0.5,
    0.5125,
    0.525,
    0.5375,
    0.55,
    0.5625,
    0.575,
    0.5875,
    0.6,
    0.6125,
    0.625,
    0.6375,
    0.65,
    0.6625,
    0.675,
    0.6875,
    0.7,
    0.61,
    0.62,
    0.63,
    0.64,
    0.65,
    0.66,
    0.6699999999999999,
    0.6799999999999999,
    0.69,
    0.7,
    0.71,
    0.72,
    0.73,
    0.74,
    0.75,
    0.76,
    0.77,
    0.78,
    0.78,
    0.78
  ],
  "adaptation_history": [
    0.0,
    0.0,
    0.0,
    0.0,
    0.0,
    0.0,
    0.0,
    0.0,
    0.0,
    0.0,
    0.0,
    0.0,
    0.0,
    0.0,
    0.0,
    0.0,
    0.0,
    0.0,
    0.0,
    0.0,
    0.12000000000000001,
    0.14,
    0.16000000000000003,
    0.18,
    0.2,
    0.22000000000000003,
    0.24000000000000002,
    0.26,
    0.28,
    0.30000000000000004,
    0.32000000000000006,
    0.3400000000000001,
    0.36,
    0.38,
    0.4,
    0.42000000000000004,
    0.44000000000000006,
    0.45,
    0.45,
    0.45,
    0.365,
    0.38,
    0.39499999999999996,
    0.41,
    0.425,
    0.43999999999999995,
    0.45499999999999996,
    0.47,
    0.485,
    0.5,
    0.5149999999999999,
    0.53,
    0.5449999999999999,
    0.56,
    0.575,
    0.59,
    0.605,
    0.6199999999999999,
    0.635,
    0.6499999999999999
  ],
  "stage_summaries": {}
}