{
  "total_episodes": 60,
  "reward_history": [
    0.23792261431848105,
    0.22671005862226146,
    0.24714940192326623,
    0.2392272115833757,
    0.2628733023045786,
    0.3003838108950504,
    0.3153096034564558,
    0.38946480020866137,
    0.47436791905254094,
    0.5158691123614408,
    0.5359895653574089,
    0.5788262752445877,
    0.6240622619725082,
    0.7218692749126221,
    0.7183588681052558,
    0.7289404107996149,
    0.7117148927853333,
    0.712993489872523,
    0.7482575190945634,
    0.7267763916562829,
    0.44523344742684057,
    0.440608169155826,
    0.4994135966197092,
    0.492087679599854,
    0.4710402164552681,
    0.5370149397951653,
    0.5034425774962423,
    0.6166985342436097,
    0.6329468570759544,
    0.6864369763637586,
    0.7501234512333789,
    0.8533968818472429,
    0.8578081020696269,
    0.8647529896010394,
    0.9081226594714719,
    0.9212085542706308,
    0.9690258436252447,
    0.9292337076260285,
    0.9837805185571387,
    0.9755028410215006,
    0.6435494830953501,
    0.6067870476388217,
    0.583059029077151,
    0.6277760935863014,
    0.6612662107982302,
    0.6857595700565685,
    0.7215861380107799,
    0.7370668317803084,
    0.7809748341190839,
    0.8817977959286406,
    0.9385508143629758,
    0.9451977940514452,
    1.017074335385574,
    1.0019971689900096,
    1.0673094534035257,
    1.0503303829438286,
    1.103844658054829,
    1.1169060927661663,
    1.1193374586766425,
    1.0899473110523148
  ],
  "task_completion_history": [
    0.245,
    0.26,
    0.275,
    0.29000000000000004,
    0.305,
    0.32,
    0.335,
    0.35,
    0.365,
    0.38,
    0.395,
    0.41000000000000003,
    0.42500000000000004,
    0.44000000000000006,
    0.455,
    0.47,
    0.485,
    0.5,
    0.515,
    0.53,
    0.4625,
    0.47500000000000003,
    0.4875,
    0.5,
    0.5125,
    0.525,
    0.5375,
    0.55,
    0.5625,
    0.575,
    0.5875,
    0.6,
    0.6125,
    0.625,
    0.6375,
    0.65,
    0.6625,
    0.675,
    0.6875,
    0.7,
    0.61,
    0.62,
    0.63,
    0.64,
    0.65,
    0.66,
    0.6699999999999999,
    0.6799999999999999,
    0.69,
    0.7,
    0.71,
    0.72,
    0.73,
    0.74,
    0.75,
    0.76,
    0.77,
    0.78,
    0.78,
    0.78
  ],
  "adaptation_history": [
    0.0,
    0.0,
    0.0,
    0.0,
    0.0,
    0.0,
    0.0,
    0.0,
    0.0,
    0.0,
    0.0,
    0.0,
    0.0,
    0.0,
    0.0,
    0.0,
    0.0,
    0.0,
    0.0,
    0.0,
    0.12000000000000001,
    0.14,
    0.16000000000000003,
    0.18,
    0.2,
    0.22000000000000003,
    0.24000000000000002,
    0.26,
    0.28,
    0.30000000000000004,
    0.32000000000000006,
    0.3400000000000001,
    0.36,
    0.38,
    0.4,
    0.42000000000000004,
    0.44000000000000006,
    0.45,
    0.45,
    0.45,
    0.365,
    0.38,
    0.39499999999999996,
    0.41,
    0.425,
    0.43999999999999995,
    0.45499999999999996,
    0.47,
    0.485,
    0.5,
    0.5149999999999999,
    0.53,
    0.5449999999999999,
    0.56,
    0.575,
    0.59,
    0.605,
    0.6199999999999999,
    0.635,
    0.6499999999999999
  ],
  "stage_summaries": {}
}